X[s],"Trigno IM sensor 15: EMG 15 (IM)",X[s],"Trigno IM sensor 15: ACC X 15 (IM)",X[s],"Trigno IM sensor 15: ACC Y 15 (IM)",X[s],"Trigno IM sensor 15: ACC Z 15 (IM)",X[s],"Trigno IM sensor 15: Gyro X 15 (IM)",X[s],"Trigno IM sensor 15: Gyro Y 15 (IM)",X[s],"Trigno IM sensor 15: Gyro Z 15 (IM)",X[s],"Trigno IM sensor 15: Mag X 15 (IM)",X[s],"Trigno IM sensor 15: Mag Y 15 (IM)",X[s],"Trigno IM sensor 15: Mag Z 15 (IM)"
0.000000,0,0.000000,0,0.000000,0,0.000000,0,0.000000,0,0.000000,0,0.000000,0,0.000000,0,0.000000,0,0.000000,0
0.0009,0,0.00675,0,0.00675,0,0.00675,0,0.00675,0,0.00675,0,0.00675,0,0.0135,0,0.0135,0,0.0135,0
0.0018,0,0.0135,0,0.0135,0,0.0135,0,0.0135,0,0.0135,0,0.0135,0,0.027,-0.8,0.027,-89.2,0.027,-25.9
0.0027,0,0.02025,0,0.02025,0,0.02025,0,0.02025,0,0.02025,0,0.02025,0,0.0405,-0.9,0.0405,-89,0.0405,-25.8
0.0036,0,0.027,-0.4697266,0.027,-0.4812012,0.027,0.5825195,0.027,1.038168,0.027,1.099237,0.027,-0.05343511,0.054,-1,0.054,-89.5,0.054,-26.5
0.0045,0,0.03375,-0.4711914,0.03375,-0.4899902,0.03375,0.578125,0.03375,1.137405,0.03375,1.343511,0.03375,-0.1755725,0.0675,-1,0.0675,-89.3,0.0675,-25.9
0.0054,0,0.0405,-0.4660645,0.0405,-0.4875488,0.0405,0.5915527,0.0405,0.9389313,0.0405,1.312977,0.0405,-0.09923664,0.081,-1,0.081,-89.1,0.081,-25.9
0.0063,0,0.04725,-0.4665527,0.04725,-0.4882813,0.04725,0.5913086,0.04725,0.961832,0.04725,1.160305,0.04725,-0.03816794,0.0945,-1.1,0.0945,-89.1,0.0945,-25.5
0.0072,0,0.054,-0.4650879,0.054,-0.4848633,0.054,0.5881348,0.054,0.9847328,0.054,1.549618,0.054,-0.3053435,0.108,-1,0.108,-89.5,0.108,-26.2
0.0081,0,0.06075,-0.4760742,0.06075,-0.4934082,0.06075,0.5844727,0.06075,1.099237,0.06075,1.618321,0.06075,-0.7022901,0.1215,-1.2,0.1215,-89.3,0.1215,-26
0.009000001,0,0.0675,-0.4694824,0.0675,-0.4873047,0.0675,0.597168,0.0675,1.091603,0.0675,1.251908,0.0675,-0.4198473,0.135,-1.3,0.135,-88.4,0.135,-25.7
0.0099,0,0.07425,-0.4665527,0.07425,-0.4853516,0.07425,0.5993652,0.07425,1.083969,0.07425,1.534351,0.07425,-0.2290076,0.1485,-1.4,0.1485,-89.3,0.1485,-25.8
0.0108,0,0.081,-0.4638672,0.081,-0.4816895,0.081,0.5952148,0.081,0.7938932,0.081,1.587786,0.081,-0.389313,0.162,-1,0.162,-89,0.162,-24.7
0.0117,0,0.08775,-0.4753418,0.08775,-0.4882813,0.08775,0.5979004,0.08775,0.8091603,0.08775,1.473282,0.08775,-0.4045801,0.1755,-1,0.1755,-88.9,0.1755,-25.2
0.0126,0,0.0945,-0.4570313,0.0945,-0.4870605,0.0945,0.6008301,0.0945,0.8091603,0.0945,1.725191,0.0945,-0.5114504,0.189,-1,0.189,-88.6,0.189,-24.4
0.0135,0,0.10125,-0.463623,0.10125,-0.4970703,0.10125,0.5915527,0.10125,0.7328244,0.10125,1.900763,0.10125,-0.5496183,0.2025,-1.6,0.2025,-88.7,0.2025,-25.9
0.0144,0,0.108,-0.4633789,0.108,-0.4819336,0.108,0.6044922,0.108,1,0.108,2.007634,0.108,-0.4885496,0.216,-1.7,0.216,-89,0.216,-26.8
0.0153,0,0.11475,-0.4672852,0.11475,-0.4873047,0.11475,0.5932617,0.11475,1.045802,0.11475,1.954198,0.11475,-0.4580153,0.2295,-1,0.2295,-89.1,0.2295,-26.3
0.0162,0,0.1215,-0.4680176,0.1215,-0.4865723,0.1215,0.5949707,0.1215,1.076336,0.1215,1.732824,0.1215,-0.3206107,0.243,-1.3,0.243,-88.9,0.243,-26.5
0.0171,0,0.12825,-0.4604492,0.12825,-0.4838867,0.12825,0.6005859,0.12825,0.9465649,0.12825,1.793893,0.12825,0.09160306,0.2565,-1.4,0.2565,-89.3,0.2565,-26.6
0.018,0,0.135,-0.4570313,0.135,-0.4899902,0.135,0.590332,0.135,0.7938932,0.135,1.694656,0.135,0.1908397,0.27,-1.2,0.27,-89.2,0.27,-25.5
0.0189,0,0.14175,-0.4587402,0.14175,-0.4885254,0.14175,0.5942383,0.14175,0.8015267,0.14175,1.519084,0.14175,0.3206107,0.2835,-1.6,0.2835,-88.9,0.2835,-25.3
0.0198,0,0.1485,-0.4519043,0.1485,-0.4838867,0.1485,0.5996094,0.1485,0.5419847,0.1485,1.412214,0.1485,0.3740458,0.297,-1.6,0.297,-89.1,0.297,-26.5
0.0207,0,0.15525,-0.4614258,0.15525,-0.4885254,0.15525,0.597168,0.15525,0.7099237,0.15525,1.160305,0.15525,0.5038168,0.3105,-1.7,0.3105,-89.1,0.3105,-25.9
0.0216,0,0.162,-0.4580078,0.162,-0.4885254,0.162,0.598877,0.162,0.8473282,0.162,1.419847,0.162,0.6412213,0.324,-1.7,0.324,-89.2,0.324,-26.9
0.0225,0,0.16875,-0.4597168,0.16875,-0.4831543,0.16875,0.588623,0.16875,0.6564885,0.16875,1.29771,0.16875,0.4351145,0.3375,-1.1,0.3375,-89.4,0.3375,-24.2
0.0234,0,0.1755,-0.4648438,0.1755,-0.4885254,0.1755,0.5854492,0.1755,0.6030535,0.1755,1.045802,0.1755,0.5267175,0.351,-1.3,0.351,-88.9,0.351,-25.6
0.0243,0,0.18225,-0.4685059,0.18225,-0.4956055,0.18225,0.5786133,0.18225,0.5877863,0.18225,0.9007633,0.18225,0.2519084,0.3645,-1.6,0.3645,-89.4,0.3645,-25.6
0.0252,0,0.189,-0.4655762,0.189,-0.4958496,0.189,0.5837402,0.189,0.610687,0.189,0.870229,0.189,0.259542,0.378,0,0.378,0,0.378,0
0.0261,0,0.19575,-0.4609375,0.19575,-0.4960938,0.19575,0.5837402,0.19575,0.9770992,0.19575,0.480916,0.19575,-0.0610687,0.3915,0,0.3915,0,0.3915,0
0.027,-6.579691E-05,0.2025,-0.4665527,0.2025,-0.4924316,0.2025,0.5837402,0.2025,1.114504,0.2025,0.4351145,0.2025,0.1984733,0.405,0,0.405,0,0.405,0
0.0279,-2.333105E-05,0.20925,-0.4714355,0.20925,-0.4929199,0.20925,0.5852051,0.20925,1.183206,0.20925,0.389313,0.20925,0.07633588,0.4185,0,0.4185,0,0.4185,0
0.0288,2.030976E-05,0.216,-0.4614258,0.216,-0.4897461,0.216,0.5878906,0.216,1.053435,0.216,0.2671756,0.216,0.02290076,0.432,0,0.432,0,0.432,0
0.0297,6.395057E-05,0.22275,-0.4624023,0.22275,-0.487793,0.22275,0.5898438,0.22275,1.045802,0.22275,0.129771,0.22275,-0.1526718,0.4455,0,0.4455,0,0.4455,0
0.0306,0.0001139696,0.2295,-0.4611816,0.2295,-0.486084,0.2295,0.5998535,0.2295,1.068702,0.2295,0.1755725,0.2295,-0.221374,0.459,0,0.459,0,0.459,0
0.0315,0.0001517357,0.23625,-0.4645996,0.23625,-0.480957,0.23625,0.5983887,0.23625,0.9007633,0.23625,0.221374,0.23625,-0.1068702,0.4725,0,0.4725,0,0.4725,0
0.0324,0.000173724,0.243,-0.4555664,0.243,-0.4841309,0.243,0.5961914,0.243,0.6183206,0.243,0.2519084,0.243,-0.2519084,0.486,0,0.486,0,0.486,0
0.0333,0.0001690242,0.24975,-0.4580078,0.24975,-0.4858398,0.24975,0.6003418,0.24975,0.6946565,0.24975,0.3969466,0.24975,-0.1374046,0.4995,0,0.4995,0,0.4995,0
0.0342,0.0001633173,0.2565,-0.4541016,0.2565,-0.4821777,0.2565,0.6057129,0.2565,0.3664122,0.2565,0.5114504,0.2565,-0.03816794,0.513,0,0.513,0,0.513,0
0.0351,0.0001448539,0.26325,-0.4619141,0.26325,-0.4833984,0.26325,0.6071777,0.26325,0.4580153,0.26325,0.6793893,0.26325,0.07633588,0.5265,0,0.5265,0,0.5265,0
0.036,0.00010692,0.27,-0.4587402,0.27,-0.4838867,0.27,0.598877,0.27,0.3435115,0.27,0.7709923,0.27,0.3587786,0.54,0,0.54,0,0.54,0
0.0369,6.210422E-05,0.27675,-0.4604492,0.27675,-0.486084,0.27675,0.6010742,0.27675,0.02290076,0.27675,1.244275,0.27675,0.4045801,0.5535,0,0.5535,0,0.5535,0
0.0378,-1.678492E-07,0.2835,-0.4575195,0.2835,-0.4821777,0.2835,0.6074219,0.2835,-0.1068702,0.2835,1.358779,0.2835,0.4656489,0.567,0,0.567,0,0.567,0
0.0387,-4.515145E-05,0.29025,-0.4533691,0.29025,-0.4812012,0.29025,0.6008301,0.29025,-0.1526718,0.29025,1.625954,0.29025,0.4274809,0.5805,0,0.5805,0,0.5805,0
0.0396,-9.634547E-05,0.297,-0.463623,0.297,-0.4804688,0.297,0.6003418,0.297,-0.1679389,0.297,1.709924,0.297,0.6870229,0.594,0,0.594,0,0.594,0
0.0405,-0.0001319295,0.30375,-0.4606934,0.30375,-0.4831543,0.30375,0.6057129,0.30375,-0.5496183,0.30375,1.671756,0.30375,0.740458,0.6075,0,0.6075,0,0.6075,0
0.0414,-0.0001529107,0.3105,-0.4599609,0.3105,-0.4853516,0.3105,0.590332,0.3105,-0.4503817,0.3105,1.618321,0.3105,0.6259542,0.621,0,0.621,0,0.621,0
0.0423,-0.0001619745,0.31725,-0.4609375,0.31725,-0.482666,0.31725,0.5925293,0.31725,-0.4732825,0.31725,1.793893,0.31725,0.5496183,0.6345,0,0.6345,0,0.6345,0
0.0432,-0.0001460288,0.324,-0.4660645,0.324,-0.4807129,0.324,0.5932617,0.324,-0.648855,0.324,1.824427,0.324,0.7480916,0.648,0,0.648,0,0.648,0
0.0441,-0.0001262226,0.33075,-0.4624023,0.33075,-0.4853516,0.33075,0.5964355,0.33075,-0.5801527,0.33075,1.839695,0.33075,0.740458,0.6615,0,0.6615,0,0.6615,0
0.045,-0.0001148089,0.3375,-0.4580078,0.3375,-0.4865723,0.3375,0.5957031,0.3375,-0.6641222,0.3375,1.954198,0.3375,0.6335878,0.675,0,0.675,0,0.675,0
0.0459,-9.970245E-05,0.34425,-0.4609375,0.34425,-0.4897461,0.34425,0.5976563,0.34425,-0.7251908,0.34425,2.015267,0.34425,0.648855,0.6885,0,0.6885,0,0.6885,0
0.0468,-6.848249E-05,0.351,-0.4697266,0.351,-0.4833984,0.351,0.5976563,0.351,-0.6183206,0.351,1.954198,0.351,0.778626,0.702,0,0.702,0,0.702,0
0.0477,-3.440909E-05,0.35775,-0.4680176,0.35775,-0.4907227,0.35775,0.597168,0.35775,-0.6564885,0.35775,1.954198,0.35775,0.8091603,0.7155,0,0.7155,0,0.7155,0
0.0486,-2.349889E-06,0.3645,-0.4724121,0.3645,-0.4875488,0.3645,0.5827637,0.3645,-0.6946565,0.3645,1.755725,0.3645,0.6717557,0.729,0,0.729,0,0.729,0
0.0495,3.709468E-05,0.37125,-0.4699707,0.37125,-0.4855957,0.37125,0.5947266,0.37125,-0.7022901,0.37125,1.923664,0.37125,0.7099237,0.7425,0,0.7425,0,0.7425,0
0.0504,0.0001022202,0.378,0,0.378,0,0.378,0,0.378,0,0.378,0,0.378,0,0.756,0,0.756,0,0.756,0
0.0513,0.0001111162,0.38475,0,0.38475,0,0.38475,0,0.38475,0,0.38475,0,0.38475,0,0.7695,0,0.7695,0,0.7695,0
0.0522,0.0001206836,0.3915,0,0.3915,0,0.3915,0,0.3915,0,0.3915,0,0.3915,0,0.783,0,0.783,0,0.783,0
0.0531,0.0001418326,0.39825,0,0.39825,0,0.39825,0,0.39825,0,0.39825,0,0.39825,0,0.7965,0,0.7965,0,0.7965,0
0.054,0.0001374685,0.405,0,0.405,0,0.405,0,0.405,0,0.405,0,0.405,0,0.81,0,0.81,0,0.81,0
0.0549,0.0001156481,0.41175,0,0.41175,0,0.41175,0,0.41175,0,0.41175,0,0.41175,0,0.8235,0,0.8235,0,0.8235,0
0.0558,8.778515E-05,0.4185,0,0.4185,0,0.4185,0,0.4185,0,0.4185,0,0.4185,0,0.837,0,0.837,0,0.837,0
0.0567,6.562906E-05,0.42525,0,0.42525,0,0.42525,0,0.42525,0,0.42525,0,0.42525,0,0.8505,0,0.8505,0,0.8505,0
0.0576,2.047761E-05,0.432,0,0.432,0,0.432,0,0.432,0,0.432,0,0.432,0,0.864,0,0.864,0,0.864,0
0.0585,-3.541619E-05,0.43875,0,0.43875,0,0.43875,0,0.43875,0,0.43875,0,0.43875,0,0.8775,0,0.8775,0,0.8775,0
0.0594,-7.737851E-05,0.4455,0,0.4455,0,0.4455,0,0.4455,0,0.4455,0,0.4455,0,0.891,0,0.891,0,0.891,0
0.0603,-0.0001106127,0.45225,0,0.45225,0,0.45225,0,0.45225,0,0.45225,0,0.45225,0,0.9045,0,0.9045,0,0.9045,0
0.0612,-0.0001467002,0.459,0,0.459,0,0.459,0,0.459,0,0.459,0,0.459,0,0.918,0,0.918,0,0.918,0
0.0621,-0.0001560998,0.46575,0,0.46575,0,0.46575,0,0.46575,0,0.46575,0,0.46575,0,0.9315,0,0.9315,0,0.9315,0
0.063,-0.0001676814,0.4725,0,0.4725,0,0.4725,0,0.4725,0,0.4725,0,0.4725,0,0.945,0,0.945,0,0.945,0
0.0639,-0.0001671778,0.47925,0,0.47925,0,0.47925,0,0.47925,0,0.47925,0,0.47925,0,0.9585,0,0.9585,0,0.9585,0
0.0648,-0.0001478752,0.486,0,0.486,0,0.486,0,0.486,0,0.486,0,0.486,0,0.972,0,0.972,0,0.972,0
0.0657,-0.0001263905,0.49275,0,0.49275,0,0.49275,0,0.49275,0,0.49275,0,0.49275,0,0.9855,0,0.9855,0,0.9855,0
0.0666,-8.879224E-05,0.4995,0,0.4995,0,0.4995,0,0.4995,0,0.4995,0,0.4995,0,0.999,0,0.999,0,0.999,0
0.0675,-6.243992E-05,0.50625,0,0.50625,0,0.50625,0,0.50625,0,0.50625,0,0.50625,0,1.0125,0,1.0125,0,1.0125,0
0.0684,-2.064546E-05,0.513,0,0.513,0,0.513,0,0.513,0,0.513,0,0.513,0,1.026,0,1.026,0,1.026,0
0.0693,2.920577E-05,0.51975,0,0.51975,0,0.51975,0,0.51975,0,0.51975,0,0.51975,0,1.0395,0,1.0395,0,1.0395,0
0.0702,7.553216E-05,0.5265,0,0.5265,0,0.5265,0,0.5265,0,0.5265,0,0.5265,0,1.053,0,1.053,0,1.053,0
0.0711,0.0001143053,0.53325,0,0.53325,0,0.53325,0,0.53325,0,0.53325,0,0.53325,0,1.0665,0,1.0665,0,1.0665,0
0.072,0.0001411612,0.54,0,0.54,0,0.54,0,0.54,0,0.54,0,0.54,0,1.08,0,1.08,0,1.08,0
0.0729,0.000156939,0.54675,0,0.54675,0,0.54675,0,0.54675,0,0.54675,0,0.54675,0,1.0935,0,1.0935,0,1.0935,0
0.07380001,0.0001532464,0.5535,0,0.5535,0,0.5535,0,0.5535,0,0.5535,0,0.5535,0,1.107,0,1.107,0,1.107,0
0.07470001,0.0001384756,0.56025,0,0.56025,0,0.56025,0,0.56025,0,0.56025,0,0.56025,0,1.1205,0,1.1205,0,1.1205,0
0.0756,0.0001156481,0.567,0,0.567,0,0.567,0,0.567,0,0.567,0,0.567,0,1.134,0,1.134,0,1.134,0
0.0765,6.227207E-05,0.57375,0,0.57375,0,0.57375,0,0.57375,0,0.57375,0,0.57375,0,1.1475,0,1.1475,0,1.1475,0
0.0774,1.678492E-05,0.5805,0,0.5805,0,0.5805,0,0.5805,0,0.5805,0,0.5805,0,1.161,0,1.161,0,1.161,0
0.0783,-3.457694E-05,0.58725,0,0.58725,0,0.58725,0,0.58725,0,0.58725,0,0.58725,0,1.1745,0,1.1745,0,1.1745,0
0.0792,-8.258183E-05,0.594,0,0.594,0,0.594,0,0.594,0,0.594,0,0.594,0,1.188,0,1.188,0,1.188,0
0.0801,-0.0001223621,0.60075,0,0.60075,0,0.60075,0,0.60075,0,0.60075,0,0.60075,0,1.2015,0,1.2015,0,1.2015,0
0.081,-0.0001519036,0.6075,0,0.6075,0,0.6075,0,0.6075,0,0.6075,0,0.6075,0,1.215,0,1.215,0,1.215,0
0.0819,-0.0001560998,0.61425,0,0.61425,0,0.61425,0,0.61425,0,0.61425,0,0.61425,0,1.2285,0,1.2285,0,1.2285,0
0.0828,-0.0001549249,0.621,0,0.621,0,0.621,0,0.621,0,0.621,0,0.621,0,1.242,0,1.242,0,1.242,0
0.0837,-0.0001606317,0.62775,0,0.62775,0,0.62775,0,0.62775,0,0.62775,0,0.62775,0,1.2555,0,1.2555,0,1.2555,0
0.0846,-0.0001497215,0.6345,0,0.6345,0,0.6345,0,0.6345,0,0.6345,0,0.6345,0,1.269,0,1.269,0,1.269,0
0.0855,-0.0001183337,0.64125,0,0.64125,0,0.64125,0,0.64125,0,0.64125,0,0.64125,0,1.2825,0,1.2825,0,1.2825,0
0.0864,-9.130999E-05,0.648,0,0.648,0,0.648,0,0.648,0,0.648,0,0.648,0,1.296,0,1.296,0,1.296,0
0.0873,-5.857939E-05,0.65475,0,0.65475,0,0.65475,0,0.65475,0,0.65475,0,0.65475,0,1.3095,0,1.3095,0,1.3095,0
0.0882,-1.359579E-05,0.6615,0,0.6615,0,0.6615,0,0.6615,0,0.6615,0,0.6615,0,1.323,0,1.323,0,1.323,0
0.0891,3.256276E-05,0.66825,0,0.66825,0,0.66825,0,0.66825,0,0.66825,0,0.66825,0,1.3365,0,1.3365,0,1.3365,0
0.09,7.972839E-05,0.675,0,0.675,0,0.675,0,0.675,0,0.675,0,0.675,0,1.35,0,1.35,0,1.35,0
0.0909,0.0001381399,0.68175,0,0.68175,0,0.68175,0,0.68175,0,0.68175,0,0.68175,0,1.3635,0,1.3635,0,1.3635,0
0.0918,0.0001566033,0.6885,0,0.6885,0,0.6885,0,0.6885,0,0.6885,0,0.6885,0,1.377,0,1.377,0,1.377,0
0.0927,0.0001560998,0.69525,0,0.69525,0,0.69525,0,0.69525,0,0.69525,0,0.69525,0,1.3905,0,1.3905,0,1.3905,0
0.0936,0.0001663386,0.702,0,0.702,0,0.702,0,0.702,0,0.702,0,0.702,0,1.404,0,1.404,0,1.404,0
0.09450001,0.0001594568,0.70875,0,0.70875,0,0.70875,0,0.70875,0,0.70875,0,0.70875,0,1.4175,0,1.4175,0,1.4175,0
0.09540001,0.0001248798,0.7155,0,0.7155,0,0.7155,0,0.7155,0,0.7155,0,0.7155,0,1.431,0,1.431,0,1.431,0
0.09630001,8.157473E-05,0.72225,0,0.72225,0,0.72225,0,0.72225,0,0.72225,0,0.72225,0,1.4445,0,1.4445,0,1.4445,0
0.0972,5.270466E-05,0.729,0,0.729,0,0.729,0,0.729,0,0.729,0,0.729,0,1.458,0,1.458,0,1.458,0
0.0981,3.356985E-06,0.73575,0,0.73575,0,0.73575,0,0.73575,0,0.73575,0,0.73575,0,1.4715,0,1.4715,0,1.4715,0
0.099,-5.270466E-05,0.7425,0,0.7425,0,0.7425,0,0.7425,0,0.7425,0,0.7425,0,1.485,0,1.485,0,1.485,0
0.0999,-8.577096E-05,0.74925,0,0.74925,0,0.74925,0,0.74925,0,0.74925,0,0.74925,0,1.4985,0,1.4985,0,1.4985,0
0.1008,-0.0001131304,0.756,0,0.756,0,0.756,0,0.756,0,0.756,0,0.756,0,1.512,0,1.512,0,1.512,0
0.1017,-0.0001428397,0.76275,0,0.76275,0,0.76275,0,0.76275,0,0.76275,0,0.76275,0,1.5255,0,1.5255,0,1.5255,0
0.1026,-0.0001478752,0.7695,0,0.7695,0,0.7695,0,0.7695,0,0.7695,0,0.7695,0,1.539,0,1.539,0,1.539,0
0.1035,-0.000156939,0.77625,0,0.77625,0,0.77625,0,0.77625,0,0.77625,0,0.77625,0,1.5525,0,1.5525,0,1.5525,0
0.1044,-0.000145861,0.783,0,0.783,0,0.783,0,0.783,0,0.783,0,0.783,0,1.566,0,1.566,0,1.566,0
0.1053,-0.0001408255,0.78975,0,0.78975,0,0.78975,0,0.78975,0,0.78975,0,0.78975,0,1.5795,0,1.5795,0,1.5795,0
0.1062,-0.000111284,0.7965,0,0.7965,0,0.7965,0,0.7965,0,0.7965,0,0.7965,0,1.593,0,1.593,0,1.593,0
0.1071,-8.342107E-05,0.80325,0,0.80325,0,0.80325,0,0.80325,0,0.80325,0,0.80325,0,1.6065,0,1.6065,0,1.6065,0
0.108,-5.018692E-05,0.81,0,0.81,0,0.81,0,0.81,0,0.81,0,0.81,0,1.62,0,1.62,0,1.62,0
0.1089,-1.846342E-06,0.81675,0,0.81675,0,0.81675,0,0.81675,0,0.81675,0,0.81675,0,1.6335,0,1.6335,0,1.6335,0
0.1098,5.186542E-05,0.8235,0,0.8235,0,0.8235,0,0.8235,0,0.8235,0,0.8235,0,1.647,0,1.647,0,1.647,0
0.1107,9.248494E-05,0.83025,0,0.83025,0,0.83025,0,0.83025,0,0.83025,0,0.83025,0,1.6605,0,1.6605,0,1.6605,0
0.1116,0.0001252155,0.837,0,0.837,0,0.837,0,0.837,0,0.837,0,0.837,0,1.674,0,1.674,0,1.674,0
0.1125,0.0001448539,0.84375,0,0.84375,0,0.84375,0,0.84375,0,0.84375,0,0.84375,0,1.6875,0,1.6875,0,1.6875,0
0.1134,0.0001473716,0.8505,0,0.8505,0,0.8505,0,0.8505,0,0.8505,0,0.8505,0,1.701,0,1.701,0,1.701,0
0.1143,0.0001307546,0.85725,0,0.85725,0,0.85725,0,0.85725,0,0.85725,0,0.85725,0,1.7145,0,1.7145,0,1.7145,0
0.1152,0.0001030594,0.864,0,0.864,0,0.864,0,0.864,0,0.864,0,0.864,0,1.728,0,1.728,0,1.728,0
0.1161,7.234302E-05,0.87075,0,0.87075,0,0.87075,0,0.87075,0,0.87075,0,0.87075,0,1.7415,0,1.7415,0,1.7415,0
0.117,2.265965E-05,0.8775,0,0.8775,0,0.8775,0,0.8775,0,0.8775,0,0.8775,0,1.755,0,1.755,0,1.755,0
0.1179,-3.205921E-05,0.88425,0,0.88425,0,0.88425,0,0.88425,0,0.88425,0,0.88425,0,1.7685,0,1.7685,0,1.7685,0
0.1188,-7.536431E-05,0.891,0,0.891,0,0.891,0,0.891,0,0.891,0,0.891,0,1.782,0,1.782,0,1.782,0
0.1197,-0.0001186694,0.89775,0,0.89775,0,0.89775,0,0.89775,0,0.89775,0,0.89775,0,1.7955,0,1.7955,0,1.7955,0
0.1206,-0.0001507286,0.9045,0,0.9045,0,0.9045,0,0.9045,0,0.9045,0,0.9045,0,1.809,0,1.809,0,1.809,0
0.1215,-0.0001666743,0.91125,0,0.91125,0,0.91125,0,0.91125,0,0.91125,0,0.91125,0,1.8225,0,1.8225,0,1.8225,0
0.1224,-0.0001542535,0.918,0,0.918,0,0.918,0,0.918,0,0.918,0,0.918,0,1.836,0,1.836,0,1.836,0
0.1233,-0.0001532464,0.92475,0,0.92475,0,0.92475,0,0.92475,0,0.92475,0,0.92475,0,1.8495,0,1.8495,0,1.8495,0
0.1242,-0.0001524071,0.9315,0,0.9315,0,0.9315,0,0.9315,0,0.9315,0,0.9315,0,1.863,0,1.863,0,1.863,0
0.1251,-0.0001312581,0.93825,0,0.93825,0,0.93825,0,0.93825,0,0.93825,0,0.93825,0,1.8765,0,1.8765,0,1.8765,0
0.126,-0.0001067521,0.945,0,0.945,0,0.945,0,0.945,0,0.945,0,0.945,0,1.89,0,1.89,0,1.89,0
0.1269,-7.737851E-05,0.95175,0,0.95175,0,0.95175,0,0.95175,0,0.95175,0,0.95175,0,1.9035,0,1.9035,0,1.9035,0
0.1278,-3.910888E-05,0.9585,0,0.9585,0,0.9585,0,0.9585,0,0.9585,0,0.9585,0,1.917,0,1.917,0,1.917,0
0.1287,2.18204E-06,0.96525,0,0.96525,0,0.96525,0,0.96525,0,0.96525,0,0.96525,0,1.9305,0,1.9305,0,1.9305,0
0.1296,5.975433E-05,0.972,0,0.972,0,0.972,0,0.972,0,0.972,0,0.972,0,1.944,0,1.944,0,1.944,0
0.1305,0.0001018845,0.97875,0,0.97875,0,0.97875,0,0.97875,0,0.97875,0,0.97875,0,1.9575,0,1.9575,0,1.9575,0
0.1314,0.0001381399,0.9855,0,0.9855,0,0.9855,0,0.9855,0,0.9855,0,0.9855,0,1.971,0,1.971,0,1.971,0
0.1323,0.0001596246,0.99225,0,0.99225,0,0.99225,0,0.99225,0,0.99225,0,0.99225,0,1.9845,0,1.9845,0,1.9845,0
0.1332,0.0001522393,0.999,0,0.999,0,0.999,0,0.999,0,0.999,0,0.999,0,1.998,0,1.998,0,1.998,0
0.1341,0.0001572747,1.00575,0,1.00575,0,1.00575,0,1.00575,0,1.00575,0,1.00575,0,2.0115,0,2.0115,0,2.0115,0
0.135,0.0001307546,1.0125,0,1.0125,0,1.0125,0,1.0125,0,1.0125,0,1.0125,0,2.025,0,2.025,0,2.025,0
0.1359,9.600977E-05,1.01925,0,1.01925,0,1.01925,0,1.01925,0,1.01925,0,1.01925,0,2.0385,0,2.0385,0,2.0385,0
0.1368,4.817273E-05,1.026,0,1.026,0,1.026,0,1.026,0,1.026,0,1.026,0,2.052,0,2.052,0,2.052,0
0.1377,7.721065E-06,1.03275,0,1.03275,0,1.03275,0,1.03275,0,1.03275,0,1.03275,0,2.0655,0,2.0655,0,2.0655,0
0.1386,-4.045167E-05,1.0395,0,1.0395,0,1.0395,0,1.0395,0,1.0395,0,1.0395,0,2.079,0,2.079,0,2.079,0
0.1395,-9.365988E-05,1.04625,0,1.04625,0,1.04625,0,1.04625,0,1.04625,0,1.04625,0,2.0925,0,2.0925,0,2.0925,0
0.1404,-0.0001218585,1.053,0,1.053,0,1.053,0,1.053,0,1.053,0,1.053,0,2.106,0,2.106,0,2.106,0
0.1413,-0.0001324331,1.05975,0,1.05975,0,1.05975,0,1.05975,0,1.05975,0,1.05975,0,2.1195,0,2.1195,0,2.1195,0
0.1422,-0.0001470359,1.0665,0,1.0665,0,1.0665,0,1.0665,0,1.0665,0,1.0665,0,2.133,0,2.133,0,2.133,0
0.1431,-0.0001534142,1.07325,0,1.07325,0,1.07325,0,1.07325,0,1.07325,0,1.07325,0,2.1465,0,2.1465,0,2.1465,0
0.144,-0.0001450217,1.08,0,1.08,0,1.08,0,1.08,0,1.08,0,1.08,0,2.16,0,2.16,0,2.16,0
0.1449,-0.0001148089,1.08675,0,1.08675,0,1.08675,0,1.08675,0,1.08675,0,1.08675,0,2.1735,0,2.1735,0,2.1735,0
0.1458,-0.0001049058,1.0935,0,1.0935,0,1.0935,0,1.0935,0,1.0935,0,1.0935,0,2.187,0,2.187,0,2.187,0
0.1467,-8.090334E-05,1.10025,0,1.10025,0,1.10025,0,1.10025,0,1.10025,0,1.10025,0,2.2005,0,2.2005,0,2.2005,0
0.1476,-3.27306E-05,1.107,0,1.107,0,1.107,0,1.107,0,1.107,0,1.107,0,2.214,0,2.214,0,2.214,0
0.1485,-8.728161E-06,1.11375,0,1.11375,0,1.11375,0,1.11375,0,1.11375,0,1.11375,0,2.2275,0,2.2275,0,2.2275,0
0.1494,5.035477E-05,1.1205,0,1.1205,0,1.1205,0,1.1205,0,1.1205,0,1.1205,0,2.241,0,2.241,0,2.241,0
0.1503,0.0001085985,1.12725,0,1.12725,0,1.12725,0,1.12725,0,1.12725,0,1.12725,0,2.2545,0,2.2545,0,2.2545,0
0.1512,0.0001394827,1.134,0,1.134,0,1.134,0,1.134,0,1.134,0,1.134,0,2.268,0,2.268,0,2.268,0
0.1521,0.0001567712,1.14075,0,1.14075,0,1.14075,0,1.14075,0,1.14075,0,1.14075,0,2.2815,0,2.2815,0,2.2815,0
0.153,0.0001639887,1.1475,0,1.1475,0,1.1475,0,1.1475,0,1.1475,0,1.1475,0,2.295,0,2.295,0,2.295,0
0.1539,0.0001616388,1.15425,0,1.15425,0,1.15425,0,1.15425,0,1.15425,0,1.15425,0,2.3085,0,2.3085,0,2.3085,0
0.1548,0.0001374685,1.161,0,1.161,0,1.161,0,1.161,0,1.161,0,1.161,0,2.322,0,2.322,0,2.322,0
0.1557,9.399558E-05,1.16775,0,1.16775,0,1.16775,0,1.16775,0,1.16775,0,1.16775,0,2.3355,0,2.3355,0,2.3355,0
0.1566,5.539025E-05,1.1745,0,1.1745,0,1.1745,0,1.1745,0,1.1745,0,1.1745,0,2.349,0,2.349,0,2.349,0
0.1575,6.210422E-06,1.18125,0,1.18125,0,1.18125,0,1.18125,0,1.18125,0,1.18125,0,2.3625,0,2.3625,0,2.3625,0
0.1584,-3.508049E-05,1.188,0,1.188,0,1.188,0,1.188,0,1.188,0,1.188,0,2.376,0,2.376,0,2.376,0
0.1593,-9.718471E-05,1.19475,0,1.19475,0,1.19475,0,1.19475,0,1.19475,0,1.19475,0,2.3895,0,2.3895,0,2.3895,0
0.1602,-0.0001349508,1.2015,0,1.2015,0,1.2015,0,1.2015,0,1.2015,0,1.2015,0,2.403,0,2.403,0,2.403,0
0.1611,-0.0001519036,1.20825,0,1.20825,0,1.20825,0,1.20825,0,1.20825,0,1.20825,0,2.4165,0,2.4165,0,2.4165,0
0.162,-0.000170367,1.215,0,1.215,0,1.215,0,1.215,0,1.215,0,1.215,0,2.43,0,2.43,0,2.43,0
0.1629,-0.0001601282,1.22175,0,1.22175,0,1.22175,0,1.22175,0,1.22175,0,1.22175,0,2.4435,0,2.4435,0,2.4435,0
0.1638,-0.0001498894,1.2285,0,1.2285,0,1.2285,0,1.2285,0,1.2285,0,1.2285,0,2.457,0,2.457,0,2.457,0
0.1647,-0.0001430075,1.23525,0,1.23525,0,1.23525,0,1.23525,0,1.23525,0,1.23525,0,2.4705,0,2.4705,0,2.4705,0
0.1656,-0.0001211871,1.242,0,1.242,0,1.242,0,1.242,0,1.242,0,1.242,0,2.484,0,2.484,0,2.484,0
0.1665,-8.409247E-05,1.24875,0,1.24875,0,1.24875,0,1.24875,0,1.24875,0,1.24875,0,2.4975,0,2.4975,0,2.4975,0
0.1674,-6.160067E-05,1.2555,0,1.2555,0,1.2555,0,1.2555,0,1.2555,0,1.2555,0,2.511,0,2.511,0,2.511,0
0.1683,-2.652018E-05,1.26225,0,1.26225,0,1.26225,0,1.26225,0,1.26225,0,1.26225,0,2.5245,0,2.5245,0,2.5245,0
0.1692,2.870222E-05,1.269,0,1.269,0,1.269,0,1.269,0,1.269,0,1.269,0,2.538,0,2.538,0,2.538,0
0.1701,7.234302E-05,1.27575,0,1.27575,0,1.27575,0,1.27575,0,1.27575,0,1.27575,0,2.5515,0,2.5515,0,2.5515,0
0.171,0.0001126268,1.2825,0,1.2825,0,1.2825,0,1.2825,0,1.2825,0,1.2825,0,2.565,0,2.565,0,2.565,0
0.1719,0.0001502251,1.28925,0,1.28925,0,1.28925,0,1.28925,0,1.28925,0,1.28925,0,2.5785,0,2.5785,0,2.5785,0
0.1728,0.0001539178,1.296,0,1.296,0,1.296,0,1.296,0,1.296,0,1.296,0,2.592,0,2.592,0,2.592,0
0.1737,0.0001438468,1.30275,0,1.30275,0,1.30275,0,1.30275,0,1.30275,0,1.30275,0,2.6055,0,2.6055,0,2.6055,0
0.1746,0.0001356222,1.3095,0,1.3095,0,1.3095,0,1.3095,0,1.3095,0,1.3095,0,2.619,0,2.619,0,2.619,0
0.1755,0.0001042344,1.31625,0,1.31625,0,1.31625,0,1.31625,0,1.31625,0,1.31625,0,2.6325,0,2.6325,0,2.6325,0
0.1764,6.227207E-05,1.323,0,1.323,0,1.323,0,1.323,0,1.323,0,1.323,0,2.646,0,2.646,0,2.646,0
0.1773,1.510643E-05,1.32975,0,1.32975,0,1.32975,0,1.32975,0,1.32975,0,1.32975,0,2.6595,0,2.6595,0,2.6595,0
0.1782,-1.594568E-05,1.3365,0,1.3365,0,1.3365,0,1.3365,0,1.3365,0,1.3365,0,2.673,0,2.673,0,2.673,0
0.1791,-4.783703E-05,1.34325,0,1.34325,0,1.34325,0,1.34325,0,1.34325,0,1.34325,0,2.6865,0,2.6865,0,2.6865,0
0.18,-0.0001005417,1.35,0,1.35,0,1.35,0,1.35,0,1.35,0,1.35,0,2.7,0,2.7,0,2.7,0
0.1809,-0.0001279011,1.35675,0,1.35675,0,1.35675,0,1.35675,0,1.35675,0,1.35675,0,2.7135,0,2.7135,0,2.7135,0
0.1818,-0.0001337758,1.3635,0,1.3635,0,1.3635,0,1.3635,0,1.3635,0,1.3635,0,2.727,0,2.727,0,2.727,0
0.1827,-0.000139147,1.37025,0,1.37025,0,1.37025,0,1.37025,0,1.37025,0,1.37025,0,2.7405,0,2.7405,0,2.7405,0
0.1836,-0.0001470359,1.377,0,1.377,0,1.377,0,1.377,0,1.377,0,1.377,0,2.754,0,2.754,0,2.754,0
0.1845,-0.0001515679,1.38375,0,1.38375,0,1.38375,0,1.38375,0,1.38375,0,1.38375,0,2.7675,0,2.7675,0,2.7675,0
0.1854,-0.0001131304,1.3905,0,1.3905,0,1.3905,0,1.3905,0,1.3905,0,1.3905,0,2.781,0,2.781,0,2.781,0
0.1863,-0.0001134661,1.39725,0,1.39725,0,1.39725,0,1.39725,0,1.39725,0,1.39725,0,2.7945,0,2.7945,0,2.7945,0
0.1872,-9.130999E-05,1.404,0,1.404,0,1.404,0,1.404,0,1.404,0,1.404,0,2.808,0,2.808,0,2.808,0
0.1881,-4.078737E-05,1.41075,0,1.41075,0,1.41075,0,1.41075,0,1.41075,0,1.41075,0,2.8215,0,2.8215,0,2.8215,0
0.189,-7.888914E-06,1.4175,0,1.4175,0,1.4175,0,1.4175,0,1.4175,0,1.4175,0,2.835,0,2.835,0,2.835,0
0.1899,4.750134E-05,1.42425,0,1.42425,0,1.42425,0,1.42425,0,1.42425,0,1.42425,0,2.8485,0,2.8485,0,2.8485,0
0.1908,0.000103563,1.431,0,1.431,0,1.431,0,1.431,0,1.431,0,1.431,0,2.862,0,2.862,0,2.862,0
0.1917,0.0001453574,1.43775,0,1.43775,0,1.43775,0,1.43775,0,1.43775,0,1.43775,0,2.8755,0,2.8755,0,2.8755,0
0.1926,0.0001559319,1.4445,0,1.4445,0,1.4445,0,1.4445,0,1.4445,0,1.4445,0,2.889,0,2.889,0,2.889,0
0.1935,0.0001601282,1.45125,0,1.45125,0,1.45125,0,1.45125,0,1.45125,0,1.45125,0,2.9025,0,2.9025,0,2.9025,0
0.1944,0.0001589532,1.458,0,1.458,0,1.458,0,1.458,0,1.458,0,1.458,0,2.916,0,2.916,0,2.916,0
0.1953,0.0001200122,1.46475,0,1.46475,0,1.46475,0,1.46475,0,1.46475,0,1.46475,0,2.9295,0,2.9295,0,2.9295,0
0.1962,7.77142E-05,1.4715,0,1.4715,0,1.4715,0,1.4715,0,1.4715,0,1.4715,0,2.943,0,2.943,0,2.943,0
0.1971,3.27306E-05,1.47825,0,1.47825,0,1.47825,0,1.47825,0,1.47825,0,1.47825,0,2.9565,0,2.9565,0,2.9565,0
0.198,-4.515145E-05,1.485,0,1.485,0,1.485,0,1.485,0,1.485,0,1.485,0,2.97,0,2.97,0,2.97,0
0.1989,-9.903105E-05,1.49175,0,1.49175,0,1.49175,0,1.49175,0,1.49175,0,1.49175,0,2.9835,0,2.9835,0,2.9835,0
0.1998,-0.0001265583,1.4985,0,1.4985,0,1.4985,0,1.4985,0,1.4985,0,1.4985,0,2.997,0,2.997,0,2.997,0
0.2007,-0.0001515679,1.50525,0,1.50525,0,1.50525,0,1.50525,0,1.50525,0,1.50525,0,3.0105,0,3.0105,0,3.0105,0
0.2016,-0.0001774166,1.512,0,1.512,0,1.512,0,1.512,0,1.512,0,1.512,0,3.024,0,3.024,0,3.024,0
0.2025,-0.0001819486,1.51875,0,1.51875,0,1.51875,0,1.51875,0,1.51875,0,1.51875,0,3.0375,0,3.0375,0,3.0375,0
0.2034,-0.000164828,1.5255,0,1.5255,0,1.5255,0,1.5255,0,1.5255,0,1.5255,0,3.051,0,3.051,0,3.051,0
0.2043,-0.0001497215,1.53225,0,1.53225,0,1.53225,0,1.53225,0,1.53225,0,1.53225,0,3.0645,0,3.0645,0,3.0645,0
0.2052,-0.0001408255,1.539,0,1.539,0,1.539,0,1.539,0,1.539,0,1.539,0,3.078,0,3.078,0,3.078,0
0.2061,-0.0001151446,1.54575,0,1.54575,0,1.54575,0,1.54575,0,1.54575,0,1.54575,0,3.0915,0,3.0915,0,3.0915,0
0.207,-6.999313E-05,1.5525,0,1.5525,0,1.5525,0,1.5525,0,1.5525,0,1.5525,0,3.105,0,3.105,0,3.105,0
0.2079,-3.524834E-05,1.55925,0,1.55925,0,1.55925,0,1.55925,0,1.55925,0,1.55925,0,3.1185,0,3.1185,0,3.1185,0
0.2088,2.517739E-06,1.566,0,1.566,0,1.566,0,1.566,0,1.566,0,1.566,0,3.132,0,3.132,0,3.132,0
0.2097,6.025788E-05,1.57275,0,1.57275,0,1.57275,0,1.57275,0,1.57275,0,1.57275,0,3.1455,0,3.1455,0,3.1455,0
0.2106,0.00010692,1.5795,0,1.5795,0,1.5795,0,1.5795,0,1.5795,0,1.5795,0,3.159,0,3.159,0,3.159,0
0.2115,0.0001334401,1.58625,0,1.58625,0,1.58625,0,1.58625,0,1.58625,0,1.58625,0,3.1725,0,3.1725,0,3.1725,0
0.2124,0.0001517357,1.593,0,1.593,0,1.593,0,1.593,0,1.593,0,1.593,0,3.186,0,3.186,0,3.186,0
0.2133,0.0001564355,1.59975,0,1.59975,0,1.59975,0,1.59975,0,1.59975,0,1.59975,0,3.1995,0,3.1995,0,3.1995,0
0.2142,0.0001478752,1.6065,0,1.6065,0,1.6065,0,1.6065,0,1.6065,0,1.6065,0,3.213,0,3.213,0,3.213,0
0.2151,0.0001287404,1.61325,0,1.61325,0,1.61325,0,1.61325,0,1.61325,0,1.61325,0,3.2265,0,3.2265,0,3.2265,0
0.216,9.567407E-05,1.62,0,1.62,0,1.62,0,1.62,0,1.62,0,1.62,0,3.24,0,3.24,0,3.24,0
0.2169,4.917983E-05,1.62675,0,1.62675,0,1.62675,0,1.62675,0,1.62675,0,1.62675,0,3.2535,0,3.2535,0,3.2535,0
0.2178,-5.035478E-07,1.6335,0,1.6335,0,1.6335,0,1.6335,0,1.6335,0,1.6335,0,3.267,0,3.267,0,3.267,0
0.2187,-5.069047E-05,1.64025,0,1.64025,0,1.64025,0,1.64025,0,1.64025,0,1.64025,0,3.2805,0,3.2805,0,3.2805,0
0.2196,-8.92958E-05,1.647,0,1.647,0,1.647,0,1.647,0,1.647,0,1.647,0,3.294,0,3.294,0,3.294,0
0.2205,-0.0001258869,1.65375,0,1.65375,0,1.65375,0,1.65375,0,1.65375,0,1.65375,0,3.3075,0,3.3075,0,3.3075,0
0.2214,-0.0001440146,1.6605,0,1.6605,0,1.6605,0,1.6605,0,1.6605,0,1.6605,0,3.321,0,3.321,0,3.321,0
0.2223,-0.0001467002,1.66725,0,1.66725,0,1.66725,0,1.66725,0,1.66725,0,1.66725,0,3.3345,0,3.3345,0,3.3345,0
0.2232,-0.0001493858,1.674,0,1.674,0,1.674,0,1.674,0,1.674,0,1.674,0,3.348,0,3.348,0,3.348,0
0.2241,-0.0001436789,1.68075,0,1.68075,0,1.68075,0,1.68075,0,1.68075,0,1.68075,0,3.3615,0,3.3615,0,3.3615,0
0.225,-0.0001282368,1.6875,0,1.6875,0,1.6875,0,1.6875,0,1.6875,0,1.6875,0,3.375,0,3.375,0,3.375,0
0.2259,-8.442817E-05,1.69425,0,1.69425,0,1.69425,0,1.69425,0,1.69425,0,1.69425,0,3.3885,0,3.3885,0,3.3885,0
0.2268,-7.821775E-05,1.701,0,1.701,0,1.701,0,1.701,0,1.701,0,1.701,0,3.402,0,3.402,0,3.402,0
0.2277,-5.438316E-05,1.70775,0,1.70775,0,1.70775,0,1.70775,0,1.70775,0,1.70775,0,3.4155,0,3.4155,0,3.4155,0
0.2286,-6.881819E-06,1.7145,0,1.7145,0,1.7145,0,1.7145,0,1.7145,0,1.7145,0,3.429,0,3.429,0,3.429,0
0.2295,4.380865E-05,1.72125,0,1.72125,0,1.72125,0,1.72125,0,1.72125,0,1.72125,0,3.4425,0,3.4425,0,3.4425,0
0.2304,9.147784E-05,1.728,0,1.728,0,1.728,0,1.728,0,1.728,0,1.728,0,3.456,0,3.456,0,3.456,0
0.2313,0.0001307546,1.73475,0,1.73475,0,1.73475,0,1.73475,0,1.73475,0,1.73475,0,3.4695,0,3.4695,0,3.4695,0
0.2322,0.0001623102,1.7415,0,1.7415,0,1.7415,0,1.7415,0,1.7415,0,1.7415,0,3.483,0,3.483,0,3.483,0
0.2331,0.0001639887,1.74825,0,1.74825,0,1.74825,0,1.74825,0,1.74825,0,1.74825,0,3.4965,0,3.4965,0,3.4965,0
0.234,0.0001554284,1.755,0,1.755,0,1.755,0,1.755,0,1.755,0,1.755,0,3.51,0,3.51,0,3.51,0
0.2349,0.0001346151,1.76175,0,1.76175,0,1.76175,0,1.76175,0,1.76175,0,1.76175,0,3.5235,0,3.5235,0,3.5235,0
0.2358,9.517052E-05,1.7685,0,1.7685,0,1.7685,0,1.7685,0,1.7685,0,1.7685,0,3.537,0,3.537,0,3.537,0
0.2367,4.817273E-05,1.77525,0,1.77525,0,1.77525,0,1.77525,0,1.77525,0,1.77525,0,3.5505,0,3.5505,0,3.5505,0
0.2376,-2.853437E-06,1.782,0,1.782,0,1.782,0,1.782,0,1.782,0,1.782,0,3.564,0,3.564,0,3.564,0
0.2385,-4.750134E-05,1.78875,0,1.78875,0,1.78875,0,1.78875,0,1.78875,0,1.78875,0,3.5775,0,3.5775,0,3.5775,0
0.2394,-8.92958E-05,1.7955,0,1.7955,0,1.7955,0,1.7955,0,1.7955,0,1.7955,0,3.591,0,3.591,0,3.591,0
0.2403,-0.0001284047,1.80225,0,1.80225,0,1.80225,0,1.80225,0,1.80225,0,1.80225,0,3.6045,0,3.6045,0,3.6045,0
0.2412,-0.0001465324,1.809,0,1.809,0,1.809,0,1.809,0,1.809,0,1.809,0,3.618,0,3.618,0,3.618,0
0.2421,-0.0001566033,1.81575,0,1.81575,0,1.81575,0,1.81575,0,1.81575,0,1.81575,0,3.6315,0,3.6315,0,3.6315,0
0.243,-0.0001641566,1.8225,0,1.8225,0,1.8225,0,1.8225,0,1.8225,0,1.8225,0,3.645,0,3.645,0,3.645,0
0.2439,-0.0001456931,1.82925,0,1.82925,0,1.82925,0,1.82925,0,1.82925,0,1.82925,0,3.6585,0,3.6585,0,3.6585,0
0.2448,-0.0001304189,1.836,0,1.836,0,1.836,0,1.836,0,1.836,0,1.836,0,3.672,0,3.672,0,3.672,0
0.2457,-0.0001220264,1.84275,0,1.84275,0,1.84275,0,1.84275,0,1.84275,0,1.84275,0,3.6855,0,3.6855,0,3.6855,0
0.2466,-8.442817E-05,1.8495,0,1.8495,0,1.8495,0,1.8495,0,1.8495,0,1.8495,0,3.699,0,3.699,0,3.699,0
0.2475,-4.666209E-05,1.85625,0,1.85625,0,1.85625,0,1.85625,0,1.85625,0,1.85625,0,3.7125,0,3.7125,0,3.7125,0
0.2484,-2.198825E-05,1.863,0,1.863,0,1.863,0,1.863,0,1.863,0,1.863,0,3.726,0,3.726,0,3.726,0
0.2493,2.887007E-05,1.86975,0,1.86975,0,1.86975,0,1.86975,0,1.86975,0,1.86975,0,3.7395,0,3.7395,0,3.7395,0
0.2502,7.83856E-05,1.8765,0,1.8765,0,1.8765,0,1.8765,0,1.8765,0,1.8765,0,3.753,0,3.753,0,3.753,0
0.2511,0.0001242084,1.88325,0,1.88325,0,1.88325,0,1.88325,0,1.88325,0,1.88325,0,3.7665,0,3.7665,0,3.7665,0
0.252,0.0001388113,1.89,0,1.89,0,1.89,0,1.89,0,1.89,0,1.89,0,3.78,0,3.78,0,3.78,0
0.2529,0.0001549249,1.89675,0,1.89675,0,1.89675,0,1.89675,0,1.89675,0,1.89675,0,3.7935,0,3.7935,0,3.7935,0
0.2538,0.0001433432,1.9035,0,1.9035,0,1.9035,0,1.9035,0,1.9035,0,1.9035,0,3.807,0,3.807,0,3.807,0
0.2547,0.0001253834,1.91025,0,1.91025,0,1.91025,0,1.91025,0,1.91025,0,1.91025,0,3.8205,0,3.8205,0,3.8205,0
0.2556,9.382773E-05,1.917,0,1.917,0,1.917,0,1.917,0,1.917,0,1.917,0,3.834,0,3.834,0,3.834,0
0.2565,4.49836E-05,1.92375,0,1.92375,0,1.92375,0,1.92375,0,1.92375,0,1.92375,0,3.8475,0,3.8475,0,3.8475,0
0.2574,6.378271E-06,1.9305,0,1.9305,0,1.9305,0,1.9305,0,1.9305,0,1.9305,0,3.861,0,3.861,0,3.861,0
0.2583,-4.414435E-05,1.93725,0,1.93725,0,1.93725,0,1.93725,0,1.93725,0,1.93725,0,3.8745,0,3.8745,0,3.8745,0
0.2592,-9.080644E-05,1.944,0,1.944,0,1.944,0,1.944,0,1.944,0,1.944,0,3.888,0,3.888,0,3.888,0
0.2601,-0.0001248798,1.95075,0,1.95075,0,1.95075,0,1.95075,0,1.95075,0,1.95075,0,3.9015,0,3.9015,0,3.9015,0
0.261,-0.0001524071,1.9575,0,1.9575,0,1.9575,0,1.9575,0,1.9575,0,1.9575,0,3.915,0,3.915,0,3.915,0
0.2619,-0.0001589532,1.96425,0,1.96425,0,1.96425,0,1.96425,0,1.96425,0,1.96425,0,3.9285,0,3.9285,0,3.9285,0
0.2628,-0.0001577783,1.971,0,1.971,0,1.971,0,1.971,0,1.971,0,1.971,0,3.942,0,3.942,0,3.942,0
0.2637,-0.0001552606,1.97775,0,1.97775,0,1.97775,0,1.97775,0,1.97775,0,1.97775,0,3.9555,0,3.9555,0,3.9555,0
0.2646,-0.0001524071,1.9845,0,1.9845,0,1.9845,0,1.9845,0,1.9845,0,1.9845,0,3.969,0,3.969,0,3.969,0
0.2655,-0.0001245441,1.99125,0,1.99125,0,1.99125,0,1.99125,0,1.99125,0,1.99125,0,3.9825,0,3.9825,0,3.9825,0
0.2664,-7.620356E-05,1.998,0,1.998,0,1.998,0,1.998,0,1.998,0,1.998,0,3.996,0,3.996,0,3.996,0
0.2673,-6.831464E-05,2.00475,0,2.00475,0,2.00475,0,2.00475,0,2.00475,0,2.00475,0,4.0095,0,4.0095,0,4.0095,0
0.2682,-3.709468E-05,2.0115,0,2.0115,0,2.0115,0,2.0115,0,2.0115,0,2.0115,0,4.023,0,4.023,0,4.023,0
0.2691,2.265965E-05,2.01825,0,2.01825,0,2.01825,0,2.01825,0,2.01825,0,2.01825,0,4.0365,0,4.0365,0,4.0365,0
0.27,6.764325E-05,2.025,0,2.025,0,2.025,0,2.025,0,2.025,0,2.025,0,4.05,0,4.05,0,4.05,0
0.2709,0.0001190051,2.03175,0,2.03175,0,2.03175,0,2.03175,0,2.03175,0,2.03175,0,4.0635,0,4.0635,0,4.0635,0
0.2718,0.0001485466,2.0385,0,2.0385,0,2.0385,0,2.0385,0,2.0385,0,2.0385,0,4.077,0,4.077,0,4.077,0
0.2727,0.0001594568,2.04525,0,2.04525,0,2.04525,0,2.04525,0,2.04525,0,2.04525,0,4.0905,0,4.0905,0,4.0905,0
0.2736,0.000152575,2.052,0,2.052,0,2.052,0,2.052,0,2.052,0,2.052,0,4.104,0,4.104,0,4.104,0
0.2745,0.000139147,2.05875,0,2.05875,0,2.05875,0,2.05875,0,2.05875,0,2.05875,0,4.1175,0,4.1175,0,4.1175,0
0.2754,0.0001085985,2.0655,0,2.0655,0,2.0655,0,2.0655,0,2.0655,0,2.0655,0,4.131,0,4.131,0,4.131,0
0.2763,6.814679E-05,2.07225,0,2.07225,0,2.07225,0,2.07225,0,2.07225,0,2.07225,0,4.1445,0,4.1445,0,4.1445,0
0.2772,1.19173E-05,2.079,0,2.079,0,2.079,0,2.079,0,2.079,0,2.079,0,4.158,0,4.158,0,4.158,0
0.2781,-2.836652E-05,2.08575,0,2.08575,0,2.08575,0,2.08575,0,2.08575,0,2.08575,0,4.1715,0,4.1715,0,4.1715,0
0.279,-6.512551E-05,2.0925,0,2.0925,0,2.0925,0,2.0925,0,2.0925,0,2.0925,0,4.185,0,4.185,0,4.185,0
0.2799,-9.550622E-05,2.09925,0,2.09925,0,2.09925,0,2.09925,0,2.09925,0,2.09925,0,4.1985,0,4.1985,0,4.1985,0
0.2808,-0.0001406577,2.106,0,2.106,0,2.106,0,2.106,0,2.106,0,2.106,0,4.212,0,4.212,0,4.212,0
0.2817,-0.0001545892,2.11275,0,2.11275,0,2.11275,0,2.11275,0,2.11275,0,2.11275,0,4.2255,0,4.2255,0,4.2255,0
0.2826,-0.0001497215,2.1195,0,2.1195,0,2.1195,0,2.1195,0,2.1195,0,2.1195,0,4.239,0,4.239,0,4.239,0
0.2835,-0.0001572747,2.12625,0,2.12625,0,2.12625,0,2.12625,0,2.12625,0,2.12625,0,4.2525,0,4.2525,0,4.2525,0
0.2844,-0.0001404898,2.133,0,2.133,0,2.133,0,2.133,0,2.133,0,2.133,0,4.266,0,4.266,0,4.266,0
0.2853,-0.0001132982,2.13975,0,2.13975,0,2.13975,0,2.13975,0,2.13975,0,2.13975,0,4.2795,0,4.2795,0,4.2795,0
0.2862,-8.006409E-05,2.1465,0,2.1465,0,2.1465,0,2.1465,0,2.1465,0,2.1465,0,4.293,0,4.293,0,4.293,0
0.2871,-4.045167E-05,2.15325,0,2.15325,0,2.15325,0,2.15325,0,2.15325,0,2.15325,0,4.3065,0,4.3065,0,4.3065,0
0.288,-5.203327E-06,2.16,0,2.16,0,2.16,0,2.16,0,2.16,0,2.16,0,4.32,0,4.32,0,4.32,0
0.2889,3.27306E-05,2.16675,0,2.16675,0,2.16675,0,2.16675,0,2.16675,0,2.16675,0,4.3335,0,4.3335,0,4.3335,0
0.2898,7.70428E-05,2.1735,0,2.1735,0,2.1735,0,2.1735,0,2.1735,0,2.1735,0,4.347,0,4.347,0,4.347,0
0.2907,0.0001240406,2.18025,0,2.18025,0,2.18025,0,2.18025,0,2.18025,0,2.18025,0,4.3605,0,4.3605,0,4.3605,0
0.2916,0.0001502251,2.187,0,2.187,0,2.187,0,2.187,0,2.187,0,2.187,0,4.374,0,4.374,0,4.374,0
0.2925,0.0001364614,2.19375,0,2.19375,0,2.19375,0,2.19375,0,2.19375,0,2.19375,0,4.3875,0,4.3875,0,4.3875,0
0.2934,0.0001411612,2.2005,0,2.2005,0,2.2005,0,2.2005,0,2.2005,0,2.2005,0,4.401,0,4.401,0,4.401,0
0.2943,0.0001364614,2.20725,0,2.20725,0,2.20725,0,2.20725,0,2.20725,0,2.20725,0,4.4145,0,4.4145,0,4.4145,0
0.2952,8.92958E-05,2.214,0,2.214,0,2.214,0,2.214,0,2.214,0,2.214,0,4.428,0,4.428,0,4.428,0
0.2961,5.119402E-05,2.22075,0,2.22075,0,2.22075,0,2.22075,0,2.22075,0,2.22075,0,4.4415,0,4.4415,0,4.4415,0
0.297,9.399557E-06,2.2275,0,2.2275,0,2.2275,0,2.2275,0,2.2275,0,2.2275,0,4.455,0,4.455,0,4.455,0
0.2979,-3.30663E-05,2.23425,0,2.23425,0,2.23425,0,2.23425,0,2.23425,0,2.23425,0,4.4685,0,4.4685,0,4.4685,0
0.2988,-8.308538E-05,2.241,0,2.241,0,2.241,0,2.241,0,2.241,0,2.241,0,4.482,0,4.482,0,4.482,0
0.2997,-0.0001243763,2.24775,0,2.24775,0,2.24775,0,2.24775,0,2.24775,0,2.24775,0,4.4955,0,4.4955,0,4.4955,0
0.3006,-0.0001524071,2.2545,0,2.2545,0,2.2545,0,2.2545,0,2.2545,0,2.2545,0,4.509,0,4.509,0,4.509,0
0.3015,-0.0001633173,2.26125,0,2.26125,0,2.26125,0,2.26125,0,2.26125,0,2.26125,0,4.5225,0,4.5225,0,4.5225,0
0.3024,-0.0001722133,2.268,0,2.268,0,2.268,0,2.268,0,2.268,0,2.268,0,4.536,0,4.536,0,4.536,0
0.3033,-0.0001693599,2.27475,0,2.27475,0,2.27475,0,2.27475,0,2.27475,0,2.27475,0,4.5495,0,4.5495,0,4.5495,0
0.3042,-0.0001456931,2.2815,0,2.2815,0,2.2815,0,2.2815,0,2.2815,0,2.2815,0,4.563,0,4.563,0,4.563,0
0.3051,-0.0001341115,2.28825,0,2.28825,0,2.28825,0,2.28825,0,2.28825,0,2.28825,0,4.5765,0,4.5765,0,4.5765,0
0.306,-0.0001075914,2.295,0,2.295,0,2.295,0,2.295,0,2.295,0,2.295,0,4.59,0,4.59,0,4.59,0
0.3069,-6.395057E-05,2.30175,0,2.30175,0,2.30175,0,2.30175,0,2.30175,0,2.30175,0,4.6035,0,4.6035,0,4.6035,0
0.3078,-3.642328E-05,2.3085,0,2.3085,0,2.3085,0,2.3085,0,2.3085,0,2.3085,0,4.617,0,4.617,0,4.617,0
0.3087,-2.853437E-06,2.31525,0,2.31525,0,2.31525,0,2.31525,0,2.31525,0,2.31525,0,4.6305,0,4.6305,0,4.6305,0
0.3096,5.52224E-05,2.322,0,2.322,0,2.322,0,2.322,0,2.322,0,2.322,0,4.644,0,4.644,0,4.644,0
0.3105,9.95346E-05,2.32875,0,2.32875,0,2.32875,0,2.32875,0,2.32875,0,2.32875,0,4.6575,0,4.6575,0,4.6575,0
0.3114,0.0001428397,2.3355,0,2.3355,0,2.3355,0,2.3355,0,2.3355,0,2.3355,0,4.671,0,4.671,0,4.671,0
0.3123,0.0001690242,2.34225,0,2.34225,0,2.34225,0,2.34225,0,2.34225,0,2.34225,0,4.6845,0,4.6845,0,4.6845,0
0.3132,0.0001831235,2.349,0,2.349,0,2.349,0,2.349,0,2.349,0,2.349,0,4.698,0,4.698,0,4.698,0
0.3141,0.000170367,2.35575,0,2.35575,0,2.35575,0,2.35575,0,2.35575,0,2.35575,0,4.7115,0,4.7115,0,4.7115,0
0.315,0.0001388113,2.3625,0,2.3625,0,2.3625,0,2.3625,0,2.3625,0,2.3625,0,4.725,0,4.725,0,4.725,0
0.3159,0.0001017166,2.36925,0,2.36925,0,2.36925,0,2.36925,0,2.36925,0,2.36925,0,4.7385,0,4.7385,0,4.7385,0
0.3168,4.615854E-05,2.376,0,2.376,0,2.376,0,2.376,0,2.376,0,2.376,0,4.752,0,4.752,0,4.752,0
0.3177,-1.510643E-06,2.38275,0,2.38275,0,2.38275,0,2.38275,0,2.38275,0,2.38275,0,4.7655,0,4.7655,0,4.7655,0
0.3186,-4.095522E-05,2.3895,0,2.3895,0,2.3895,0,2.3895,0,2.3895,0,2.3895,0,4.779,0,4.779,0,4.779,0
0.3195,-0.0001017166,2.39625,0,2.39625,0,2.39625,0,2.39625,0,2.39625,0,2.39625,0,4.7925,0,4.7925,0,4.7925,0
0.3204,-0.000144686,2.403,0,2.403,0,2.403,0,2.403,0,2.403,0,2.403,0,4.806,0,4.806,0,4.806,0
0.3213,-0.0001594568,2.40975,0,2.40975,0,2.40975,0,2.40975,0,2.40975,0,2.40975,0,4.8195,0,4.8195,0,4.8195,0
0.3222,-0.0001653315,2.4165,0,2.4165,0,2.4165,0,2.4165,0,2.4165,0,2.4165,0,4.833,0,4.833,0,4.833,0
0.3231,-0.0001549249,2.42325,0,2.42325,0,2.42325,0,2.42325,0,2.42325,0,2.42325,0,4.8465,0,4.8465,0,4.8465,0
0.324,-0.0001512322,2.43,0,2.43,0,2.43,0,2.43,0,2.43,0,2.43,0,4.86,0,4.86,0,4.86,0
0.3249,-0.0001263905,2.43675,0,2.43675,0,2.43675,0,2.43675,0,2.43675,0,2.43675,0,4.8735,0,4.8735,0,4.8735,0
0.3258,-9.869535E-05,2.4435,0,2.4435,0,2.4435,0,2.4435,0,2.4435,0,2.4435,0,4.887,0,4.887,0,4.887,0
0.3267,-7.251087E-05,2.45025,0,2.45025,0,2.45025,0,2.45025,0,2.45025,0,2.45025,0,4.9005,0,4.9005,0,4.9005,0
0.3276,-4.666209E-05,2.457,0,2.457,0,2.457,0,2.457,0,2.457,0,2.457,0,4.914,0,4.914,0,4.914,0
0.3285,-6.881819E-06,2.46375,0,2.46375,0,2.46375,0,2.46375,0,2.46375,0,2.46375,0,4.9275,0,4.9275,0,4.9275,0
0.3294,4.213016E-05,2.4705,0,2.4705,0,2.4705,0,2.4705,0,2.4705,0,2.4705,0,4.941,0,4.941,0,4.941,0
0.3303,8.812085E-05,2.47725,0,2.47725,0,2.47725,0,2.47725,0,2.47725,0,2.47725,0,4.9545,0,4.9545,0,4.9545,0
0.3312,0.0001273976,2.484,0,2.484,0,2.484,0,2.484,0,2.484,0,2.484,0,4.968,0,4.968,0,4.968,0
0.3321,0.0001542535,2.49075,0,2.49075,0,2.49075,0,2.49075,0,2.49075,0,2.49075,0,4.9815,0,4.9815,0,4.9815,0
0.333,0.0001498894,2.4975,0,2.4975,0,2.4975,0,2.4975,0,2.4975,0,2.4975,0,4.995,0,4.995,0,4.995,0
0.3339,0.0001508965,2.50425,0,2.50425,0,2.50425,0,2.50425,0,2.50425,0,2.50425,0,5.0085,0,5.0085,0,5.0085,0
0.3348,0.0001331044,2.511,0,2.511,0,2.511,0,2.511,0,2.511,0,2.511,0,5.022,0,5.022,0,5.022,0
0.3357,9.080644E-05,2.51775,0,2.51775,0,2.51775,0,2.51775,0,2.51775,0,2.51775,0,5.0355,0,5.0355,0,5.0355,0
0.3366,4.011597E-05,2.5245,0,2.5245,0,2.5245,0,2.5245,0,2.5245,0,2.5245,0,5.049,0,5.049,0,5.049,0
0.3375,-6.881819E-06,2.53125,0,2.53125,0,2.53125,0,2.53125,0,2.53125,0,2.53125,0,5.0625,0,5.0625,0,5.0625,0
0.3384,-3.826963E-05,2.538,0,2.538,0,2.538,0,2.538,0,2.538,0,2.538,0,5.076,0,5.076,0,5.076,0
0.3393,-8.274968E-05,2.54475,0,2.54475,0,2.54475,0,2.54475,0,2.54475,0,2.54475,0,5.0895,0,5.0895,0,5.0895,0
0.3402,-0.0001008774,2.5515,0,2.5515,0,2.5515,0,2.5515,0,2.5515,0,2.5515,0,5.103,0,5.103,0,5.103,0
0.3411,-0.0001109483,2.55825,0,2.55825,0,2.55825,0,2.55825,0,2.55825,0,2.55825,0,5.1165,0,5.1165,0,5.1165,0
0.342,-0.0001329366,2.565,0,2.565,0,2.565,0,2.565,0,2.565,0,2.565,0,5.13,0,5.13,0,5.13,0
0.3429,-0.0001317617,2.57175,0,2.57175,0,2.57175,0,2.57175,0,2.57175,0,2.57175,0,5.1435,0,5.1435,0,5.1435,0
0.3438,-0.0001195087,2.5785,0,2.5785,0,2.5785,0,2.5785,0,2.5785,0,2.5785,0,5.157,0,5.157,0,5.157,0
0.3447,-0.0001106127,2.58525,0,2.58525,0,2.58525,0,2.58525,0,2.58525,0,2.58525,0,5.1705,0,5.1705,0,5.1705,0
0.3456,-8.912794E-05,2.592,0,2.592,0,2.592,0,2.592,0,2.592,0,2.592,0,5.184,0,5.184,0,5.184,0
0.3465,-7.70428E-05,2.59875,0,2.59875,0,2.59875,0,2.59875,0,2.59875,0,2.59875,0,5.1975,0,5.1975,0,5.1975,0
0.3474,-4.011597E-05,2.6055,0,2.6055,0,2.6055,0,2.6055,0,2.6055,0,2.6055,0,5.211,0,5.211,0,5.211,0
0.3483,-2.198825E-05,2.61225,0,2.61225,0,2.61225,0,2.61225,0,2.61225,0,2.61225,0,5.2245,0,5.2245,0,5.2245,0
0.3492,8.224613E-06,2.619,0,2.619,0,2.619,0,2.619,0,2.619,0,2.619,0,5.238,0,5.238,0,5.238,0
0.3501,6.378272E-05,2.62575,0,2.62575,0,2.62575,0,2.62575,0,2.62575,0,2.62575,0,5.2515,0,5.2515,0,5.2515,0
0.351,0.0001045701,2.6325,0,2.6325,0,2.6325,0,2.6325,0,2.6325,0,2.6325,0,5.265,0,5.265,0,5.265,0
0.3519,0.0001290761,2.63925,0,2.63925,0,2.63925,0,2.63925,0,2.63925,0,2.63925,0,5.2785,0,5.2785,0,5.2785,0
0.3528,0.0001445182,2.646,0,2.646,0,2.646,0,2.646,0,2.646,0,2.646,0,5.292,0,5.292,0,5.292,0
0.3537,0.0001576104,2.65275,0,2.65275,0,2.65275,0,2.65275,0,2.65275,0,2.65275,0,5.3055,0,5.3055,0,5.3055,0
0.3546,0.0001399863,2.6595,0,2.6595,0,2.6595,0,2.6595,0,2.6595,0,2.6595,0,5.319,0,5.319,0,5.319,0
0.3555,9.584192E-05,2.66625,0,2.66625,0,2.66625,0,2.66625,0,2.66625,0,2.66625,0,5.3325,0,5.3325,0,5.3325,0
0.3564,5.807584E-05,2.673,0,2.673,0,2.673,0,2.673,0,2.673,0,2.673,0,5.346,0,5.346,0,5.346,0
0.3573,9.735257E-06,2.67975,0,2.67975,0,2.67975,0,2.67975,0,2.67975,0,2.67975,0,5.3595,0,5.3595,0,5.3595,0
0.3582,-3.575189E-05,2.6865,0,2.6865,0,2.6865,0,2.6865,0,2.6865,0,2.6865,0,5.373,0,5.373,0,5.373,0
0.3591,-7.80499E-05,2.69325,0,2.69325,0,2.69325,0,2.69325,0,2.69325,0,2.69325,0,5.3865,0,5.3865,0,5.3865,0
0.36,-0.0001210193,2.7,0,2.7,0,2.7,0,2.7,0,2.7,0,2.7,0,5.4,0,5.4,0,5.4,0
0.3609,-0.0001616388,2.70675,0,2.70675,0,2.70675,0,2.70675,0,2.70675,0,2.70675,0,5.4135,0,5.4135,0,5.4135,0
0.3618,-0.000178088,2.7135,0,2.7135,0,2.7135,0,2.7135,0,2.7135,0,2.7135,0,5.427,0,5.427,0,5.427,0
0.3627,-0.0001696956,2.72025,0,2.72025,0,2.72025,0,2.72025,0,2.72025,0,2.72025,0,5.4405,0,5.4405,0,5.4405,0
0.3636,-0.0001675135,2.727,0,2.727,0,2.727,0,2.727,0,2.727,0,2.727,0,5.454,0,5.454,0,5.454,0
0.3645,-0.000160296,2.73375,0,2.73375,0,2.73375,0,2.73375,0,2.73375,0,2.73375,0,5.4675,0,5.4675,0,5.4675,0
0.3654,-0.0001211871,2.7405,0,2.7405,0,2.7405,0,2.7405,0,2.7405,0,2.7405,0,5.481,0,5.481,0,5.481,0
0.3663,-8.610666E-05,2.74725,0,2.74725,0,2.74725,0,2.74725,0,2.74725,0,2.74725,0,5.4945,0,5.4945,0,5.4945,0
0.3672,-6.210422E-05,2.754,0,2.754,0,2.754,0,2.754,0,2.754,0,2.754,0,5.508,0,5.508,0,5.508,0
0.3681,-2.433814E-05,2.76075,0,2.76075,0,2.76075,0,2.76075,0,2.76075,0,2.76075,0,5.5215,0,5.5215,0,5.5215,0
0.369,3.138781E-05,2.7675,0,2.7675,0,2.7675,0,2.7675,0,2.7675,0,2.7675,0,5.535,0,5.535,0,5.535,0
0.3699,7.351796E-05,2.77425,0,2.77425,0,2.77425,0,2.77425,0,2.77425,0,2.77425,0,5.5485,0,5.5485,0,5.5485,0
0.3708,0.0001163195,2.781,0,2.781,0,2.781,0,2.781,0,2.781,0,2.781,0,5.562,0,5.562,0,5.562,0
0.3717,0.0001473716,2.78775,0,2.78775,0,2.78775,0,2.78775,0,2.78775,0,2.78775,0,5.5755,0,5.5755,0,5.5755,0
0.3726,0.0001599603,2.7945,0,2.7945,0,2.7945,0,2.7945,0,2.7945,0,2.7945,0,5.589,0,5.589,0,5.589,0
0.3735,0.0001555963,2.80125,0,2.80125,0,2.80125,0,2.80125,0,2.80125,0,2.80125,0,5.6025,0,5.6025,0,5.6025,0
0.3744,0.0001374685,2.808,0,2.808,0,2.808,0,2.808,0,2.808,0,2.808,0,5.616,0,5.616,0,5.616,0
0.3753,0.0001018845,2.81475,0,2.81475,0,2.81475,0,2.81475,0,2.81475,0,2.81475,0,5.6295,0,5.6295,0,5.6295,0
0.3762,6.915389E-05,2.8215,0,2.8215,0,2.8215,0,2.8215,0,2.8215,0,2.8215,0,5.643,0,5.643,0,5.643,0
0.3771,1.644923E-05,2.82825,0,2.82825,0,2.82825,0,2.82825,0,2.82825,0,2.82825,0,5.6565,0,5.6565,0,5.6565,0
0.378,0,2.835,0,2.835,0,2.835,0,2.835,0,2.835,0,2.835,0,5.67,0,5.67,0,5.67,0
0.3789,0,2.84175,0,2.84175,0,2.84175,0,2.84175,0,2.84175,0,2.84175,0,5.6835,0,5.6835,0,5.6835,0
0.3798,0,2.8485,0,2.8485,0,2.8485,0,2.8485,0,2.8485,0,2.8485,0,5.697,0,5.697,0,5.697,0
0.3807,0,2.85525,0,2.85525,0,2.85525,0,2.85525,0,2.85525,0,2.85525,0,5.7105,0,5.7105,0,5.7105,0
0.3816,0,2.862,0,2.862,0,2.862,0,2.862,0,2.862,0,2.862,0,5.724,0,5.724,0,5.724,0
0.3825,0,2.86875,0,2.86875,0,2.86875,0,2.86875,0,2.86875,0,2.86875,0,5.7375,0,5.7375,0,5.7375,0
0.3834,0,2.8755,0,2.8755,0,2.8755,0,2.8755,0,2.8755,0,2.8755,0,5.751,0,5.751,0,5.751,0
0.3843,0,2.88225,0,2.88225,0,2.88225,0,2.88225,0,2.88225,0,2.88225,0,5.7645,0,5.7645,0,5.7645,0
0.3852,0,2.889,0,2.889,0,2.889,0,2.889,0,2.889,0,2.889,0,5.778,0,5.778,0,5.778,0
0.3861,0,2.89575,0,2.89575,0,2.89575,0,2.89575,0,2.89575,0,2.89575,0,5.7915,0,5.7915,0,5.7915,0
0.387,0,2.9025,0,2.9025,0,2.9025,0,2.9025,0,2.9025,0,2.9025,0,5.805,0,5.805,0,5.805,0
0.3879,0,2.90925,0,2.90925,0,2.90925,0,2.90925,0,2.90925,0,2.90925,0,5.8185,0,5.8185,0,5.8185,0
0.3888,0,2.916,0,2.916,0,2.916,0,2.916,0,2.916,0,2.916,0,5.832,0,5.832,0,5.832,0
0.3897,0,2.92275,0,2.92275,0,2.92275,0,2.92275,0,2.92275,0,2.92275,0,5.8455,0,5.8455,0,5.8455,0
0.3906,0,2.9295,0,2.9295,0,2.9295,0,2.9295,0,2.9295,0,2.9295,0,5.859,0,5.859,0,5.859,0
0.3915,0,2.93625,0,2.93625,0,2.93625,0,2.93625,0,2.93625,0,2.93625,0,5.8725,0,5.8725,0,5.8725,0
0.3924,0,2.943,0,2.943,0,2.943,0,2.943,0,2.943,0,2.943,0,5.886,0,5.886,0,5.886,0
0.3933,0,2.94975,0,2.94975,0,2.94975,0,2.94975,0,2.94975,0,2.94975,0,5.8995,0,5.8995,0,5.8995,0
0.3942,0,2.9565,0,2.9565,0,2.9565,0,2.9565,0,2.9565,0,2.9565,0,5.913,0,5.913,0,5.913,0
0.3951,0,2.96325,0,2.96325,0,2.96325,0,2.96325,0,2.96325,0,2.96325,0,5.9265,0,5.9265,0,5.9265,0
0.396,0,2.97,0,2.97,0,2.97,0,2.97,0,2.97,0,2.97,0,5.94,0,5.94,0,5.94,0
0.3969,0,2.97675,0,2.97675,0,2.97675,0,2.97675,0,2.97675,0,2.97675,0,5.9535,0,5.9535,0,5.9535,0
0.3978,0,2.9835,0,2.9835,0,2.9835,0,2.9835,0,2.9835,0,2.9835,0,5.967,0,5.967,0,5.967,0
0.3987,0,2.99025,0,2.99025,0,2.99025,0,2.99025,0,2.99025,0,2.99025,0,5.9805,0,5.9805,0,5.9805,0
0.3996,0,2.997,0,2.997,0,2.997,0,2.997,0,2.997,0,2.997,0,5.994,0,5.994,0,5.994,0
0.4005,0,3.00375,0,3.00375,0,3.00375,0,3.00375,0,3.00375,0,3.00375,0,6.0075,0,6.0075,0,6.0075,0
0.4014,0,3.0105,0,3.0105,0,3.0105,0,3.0105,0,3.0105,0,3.0105,0,6.021,0,6.021,0,6.021,0
0.4023,0,3.01725,0,3.01725,0,3.01725,0,3.01725,0,3.01725,0,3.01725,0,6.0345,0,6.0345,0,6.0345,0
0.4032,0,3.024,0,3.024,0,3.024,0,3.024,0,3.024,0,3.024,0,6.048,0,6.048,0,6.048,0
0.4041,0,3.03075,0,3.03075,0,3.03075,0,3.03075,0,3.03075,0,3.03075,0,6.0615,0,6.0615,0,6.0615,0
0.405,0,3.0375,0,3.0375,0,3.0375,0,3.0375,0,3.0375,0,3.0375,0,6.075,0,6.075,0,6.075,0
0.4059,0,3.04425,0,3.04425,0,3.04425,0,3.04425,0,3.04425,0,3.04425,0,6.0885,0,6.0885,0,6.0885,0
0.4068,0,3.051,0,3.051,0,3.051,0,3.051,0,3.051,0,3.051,0,6.102,0,6.102,0,6.102,0
0.4077,0,3.05775,0,3.05775,0,3.05775,0,3.05775,0,3.05775,0,3.05775,0,6.1155,0,6.1155,0,6.1155,0
0.4086,0,3.0645,0,3.0645,0,3.0645,0,3.0645,0,3.0645,0,3.0645,0,6.129,0,6.129,0,6.129,0
0.4095,0,3.07125,0,3.07125,0,3.07125,0,3.07125,0,3.07125,0,3.07125,0,6.1425,0,6.1425,0,6.1425,0
0.4104,0,3.078,0,3.078,0,3.078,0,3.078,0,3.078,0,3.078,0,6.156,0,6.156,0,6.156,0
0.4113,0,3.08475,0,3.08475,0,3.08475,0,3.08475,0,3.08475,0,3.08475,0,6.1695,0,6.1695,0,6.1695,0
0.4122,0,3.0915,0,3.0915,0,3.0915,0,3.0915,0,3.0915,0,3.0915,0,6.183,0,6.183,0,6.183,0
0.4131,0,3.09825,0,3.09825,0,3.09825,0,3.09825,0,3.09825,0,3.09825,0,6.1965,0,6.1965,0,6.1965,0
0.414,0,3.105,0,3.105,0,3.105,0,3.105,0,3.105,0,3.105,0,6.21,0,6.21,0,6.21,0
0.4149,0,3.11175,0,3.11175,0,3.11175,0,3.11175,0,3.11175,0,3.11175,0,6.2235,0,6.2235,0,6.2235,0
0.4158,0,3.1185,0,3.1185,0,3.1185,0,3.1185,0,3.1185,0,3.1185,0,6.237,0,6.237,0,6.237,0
0.4167,0,3.12525,0,3.12525,0,3.12525,0,3.12525,0,3.12525,0,3.12525,0,6.2505,0,6.2505,0,6.2505,0
0.4176,0,3.132,0,3.132,0,3.132,0,3.132,0,3.132,0,3.132,0,6.264,0,6.264,0,6.264,0
0.4185,0,3.13875,0,3.13875,0,3.13875,0,3.13875,0,3.13875,0,3.13875,0,6.2775,0,6.2775,0,6.2775,0
0.4194,0,3.1455,0,3.1455,0,3.1455,0,3.1455,0,3.1455,0,3.1455,0,6.291,0,6.291,0,6.291,0
0.4203,0,3.15225,0,3.15225,0,3.15225,0,3.15225,0,3.15225,0,3.15225,0,6.3045,0,6.3045,0,6.3045,0
0.4212,0,3.159,0,3.159,0,3.159,0,3.159,0,3.159,0,3.159,0,6.318,0,6.318,0,6.318,0
0.4221,0,3.16575,0,3.16575,0,3.16575,0,3.16575,0,3.16575,0,3.16575,0,6.3315,0,6.3315,0,6.3315,0
0.423,0,3.1725,0,3.1725,0,3.1725,0,3.1725,0,3.1725,0,3.1725,0,6.345,0,6.345,0,6.345,0
0.4239,0,3.17925,0,3.17925,0,3.17925,0,3.17925,0,3.17925,0,3.17925,0,6.3585,0,6.3585,0,6.3585,0
0.4248,0,3.186,0,3.186,0,3.186,0,3.186,0,3.186,0,3.186,0,6.372,0,6.372,0,6.372,0
0.4257,0,3.19275,0,3.19275,0,3.19275,0,3.19275,0,3.19275,0,3.19275,0,6.3855,0,6.3855,0,6.3855,0
0.4266,0,3.1995,0,3.1995,0,3.1995,0,3.1995,0,3.1995,0,3.1995,0,6.399,0,6.399,0,6.399,0
0.4275,0,3.20625,0,3.20625,0,3.20625,0,3.20625,0,3.20625,0,3.20625,0,6.4125,0,6.4125,0,6.4125,0
0.4284,0,3.213,0,3.213,0,3.213,0,3.213,0,3.213,0,3.213,0,6.426,0,6.426,0,6.426,0
0.4293,0,3.21975,0,3.21975,0,3.21975,0,3.21975,0,3.21975,0,3.21975,0,6.4395,0,6.4395,0,6.4395,0
0.4302,0,3.2265,0,3.2265,0,3.2265,0,3.2265,0,3.2265,0,3.2265,0,6.453,0,6.453,0,6.453,0
0.4311,0,3.23325,0,3.23325,0,3.23325,0,3.23325,0,3.23325,0,3.23325,0,6.4665,0,6.4665,0,6.4665,0
0.432,0,3.24,0,3.24,0,3.24,0,3.24,0,3.24,0,3.24,0,6.48,0,6.48,0,6.48,0
0.4329,0,3.24675,0,3.24675,0,3.24675,0,3.24675,0,3.24675,0,3.24675,0,6.4935,0,6.4935,0,6.4935,0
0.4338,0,3.2535,0,3.2535,0,3.2535,0,3.2535,0,3.2535,0,3.2535,0,6.507,0,6.507,0,6.507,0
0.4347,0,3.26025,0,3.26025,0,3.26025,0,3.26025,0,3.26025,0,3.26025,0,6.5205,0,6.5205,0,6.5205,0
0.4356,0,3.267,0,3.267,0,3.267,0,3.267,0,3.267,0,3.267,0,6.534,0,6.534,0,6.534,0
0.4365,0,3.27375,0,3.27375,0,3.27375,0,3.27375,0,3.27375,0,3.27375,0,6.5475,0,6.5475,0,6.5475,0
0.4374,0,3.2805,0,3.2805,0,3.2805,0,3.2805,0,3.2805,0,3.2805,0,6.561,0,6.561,0,6.561,0
0.4383,0,3.28725,0,3.28725,0,3.28725,0,3.28725,0,3.28725,0,3.28725,0,6.5745,0,6.5745,0,6.5745,0
0.4392,0,3.294,0,3.294,0,3.294,0,3.294,0,3.294,0,3.294,0,6.588,0,6.588,0,6.588,0
0.4401,0,3.30075,0,3.30075,0,3.30075,0,3.30075,0,3.30075,0,3.30075,0,6.6015,0,6.6015,0,6.6015,0
0.441,0,3.3075,0,3.3075,0,3.3075,0,3.3075,0,3.3075,0,3.3075,0,6.615,0,6.615,0,6.615,0
0.4419,0,3.31425,0,3.31425,0,3.31425,0,3.31425,0,3.31425,0,3.31425,0,6.6285,0,6.6285,0,6.6285,0
0.4428,0,3.321,0,3.321,0,3.321,0,3.321,0,3.321,0,3.321,0,6.642,0,6.642,0,6.642,0
0.4437,0,3.32775,0,3.32775,0,3.32775,0,3.32775,0,3.32775,0,3.32775,0,6.6555,0,6.6555,0,6.6555,0
0.4446,0,3.3345,0,3.3345,0,3.3345,0,3.3345,0,3.3345,0,3.3345,0,6.669,0,6.669,0,6.669,0
0.4455,0,3.34125,0,3.34125,0,3.34125,0,3.34125,0,3.34125,0,3.34125,0,6.6825,0,6.6825,0,6.6825,0
0.4464,0,3.348,0,3.348,0,3.348,0,3.348,0,3.348,0,3.348,0,6.696,0,6.696,0,6.696,0
0.4473,0,3.35475,0,3.35475,0,3.35475,0,3.35475,0,3.35475,0,3.35475,0,6.7095,0,6.7095,0,6.7095,0
0.4482,0,3.3615,0,3.3615,0,3.3615,0,3.3615,0,3.3615,0,3.3615,0,6.723,0,6.723,0,6.723,0
0.4491,0,3.36825,0,3.36825,0,3.36825,0,3.36825,0,3.36825,0,3.36825,0,6.7365,0,6.7365,0,6.7365,0
0.45,0,3.375,0,3.375,0,3.375,0,3.375,0,3.375,0,3.375,0,6.75,0,6.75,0,6.75,0
0.4509,0,3.38175,0,3.38175,0,3.38175,0,3.38175,0,3.38175,0,3.38175,0,6.7635,0,6.7635,0,6.7635,0
0.4518,0,3.3885,0,3.3885,0,3.3885,0,3.3885,0,3.3885,0,3.3885,0,6.777,0,6.777,0,6.777,0
0.4527,0,3.39525,0,3.39525,0,3.39525,0,3.39525,0,3.39525,0,3.39525,0,6.7905,0,6.7905,0,6.7905,0
0.4536,0,3.402,0,3.402,0,3.402,0,3.402,0,3.402,0,3.402,0,6.804,0,6.804,0,6.804,0
0.4545,0,3.40875,0,3.40875,0,3.40875,0,3.40875,0,3.40875,0,3.40875,0,6.8175,0,6.8175,0,6.8175,0
0.4554,0,3.4155,0,3.4155,0,3.4155,0,3.4155,0,3.4155,0,3.4155,0,6.831,0,6.831,0,6.831,0
0.4563,0,3.42225,0,3.42225,0,3.42225,0,3.42225,0,3.42225,0,3.42225,0,6.8445,0,6.8445,0,6.8445,0
0.4572,0,3.429,0,3.429,0,3.429,0,3.429,0,3.429,0,3.429,0,6.858,0,6.858,0,6.858,0
0.4581,0,3.43575,0,3.43575,0,3.43575,0,3.43575,0,3.43575,0,3.43575,0,6.8715,0,6.8715,0,6.8715,0
0.459,0,3.4425,0,3.4425,0,3.4425,0,3.4425,0,3.4425,0,3.4425,0,6.885,0,6.885,0,6.885,0
0.4599,0,3.44925,0,3.44925,0,3.44925,0,3.44925,0,3.44925,0,3.44925,0,6.8985,0,6.8985,0,6.8985,0
0.4608,0,3.456,0,3.456,0,3.456,0,3.456,0,3.456,0,3.456,0,6.912,0,6.912,0,6.912,0
0.4617,0,3.46275,0,3.46275,0,3.46275,0,3.46275,0,3.46275,0,3.46275,0,6.9255,0,6.9255,0,6.9255,0
0.4626,0,3.4695,0,3.4695,0,3.4695,0,3.4695,0,3.4695,0,3.4695,0,6.939,0,6.939,0,6.939,0
0.4635,0,3.47625,0,3.47625,0,3.47625,0,3.47625,0,3.47625,0,3.47625,0,6.9525,0,6.9525,0,6.9525,0
0.4644,0,3.483,0,3.483,0,3.483,0,3.483,0,3.483,0,3.483,0,6.966,0,6.966,0,6.966,0
0.4653,0,3.48975,0,3.48975,0,3.48975,0,3.48975,0,3.48975,0,3.48975,0,6.9795,0,6.9795,0,6.9795,0
0.4662,0,3.4965,0,3.4965,0,3.4965,0,3.4965,0,3.4965,0,3.4965,0,6.993,0,6.993,0,6.993,0
0.4671,0,3.50325,0,3.50325,0,3.50325,0,3.50325,0,3.50325,0,3.50325,0,7.0065,0,7.0065,0,7.0065,0
0.468,0,3.51,0,3.51,0,3.51,0,3.51,0,3.51,0,3.51,0,7.02,0,7.02,0,7.02,0
0.4689,0,3.51675,0,3.51675,0,3.51675,0,3.51675,0,3.51675,0,3.51675,0,7.0335,0,7.0335,0,7.0335,0
0.4698,0,3.5235,0,3.5235,0,3.5235,0,3.5235,0,3.5235,0,3.5235,0,7.047,0,7.047,0,7.047,0
0.4707,0,3.53025,0,3.53025,0,3.53025,0,3.53025,0,3.53025,0,3.53025,0,7.0605,0,7.0605,0,7.0605,0
0.4716,0,3.537,0,3.537,0,3.537,0,3.537,0,3.537,0,3.537,0,7.074,0,7.074,0,7.074,0
0.4725,0,3.54375,0,3.54375,0,3.54375,0,3.54375,0,3.54375,0,3.54375,0,7.0875,0,7.0875,0,7.0875,0
0.4734,0,3.5505,0,3.5505,0,3.5505,0,3.5505,0,3.5505,0,3.5505,0,7.101,0,7.101,0,7.101,0
0.4743,0,3.55725,0,3.55725,0,3.55725,0,3.55725,0,3.55725,0,3.55725,0,7.1145,0,7.1145,0,7.1145,0
0.4752,0,3.564,0,3.564,0,3.564,0,3.564,0,3.564,0,3.564,0,7.128,0,7.128,0,7.128,0
0.4761,0,3.57075,0,3.57075,0,3.57075,0,3.57075,0,3.57075,0,3.57075,0,7.1415,0,7.1415,0,7.1415,0
0.477,0,3.5775,0,3.5775,0,3.5775,0,3.5775,0,3.5775,0,3.5775,0,7.155,0,7.155,0,7.155,0
0.4779,0,3.58425,0,3.58425,0,3.58425,0,3.58425,0,3.58425,0,3.58425,0,7.1685,0,7.1685,0,7.1685,0
0.4788,0,3.591,0,3.591,0,3.591,0,3.591,0,3.591,0,3.591,0,7.182,0,7.182,0,7.182,0
0.4797,0,3.59775,0,3.59775,0,3.59775,0,3.59775,0,3.59775,0,3.59775,0,7.1955,0,7.1955,0,7.1955,0
0.4806,0,3.6045,0,3.6045,0,3.6045,0,3.6045,0,3.6045,0,3.6045,0,7.209,0,7.209,0,7.209,0
0.4815,0,3.61125,0,3.61125,0,3.61125,0,3.61125,0,3.61125,0,3.61125,0,7.2225,0,7.2225,0,7.2225,0
0.4824,0,3.618,0,3.618,0,3.618,0,3.618,0,3.618,0,3.618,0,7.236,0,7.236,0,7.236,0
0.4833,0,3.62475,0,3.62475,0,3.62475,0,3.62475,0,3.62475,0,3.62475,0,7.2495,0,7.2495,0,7.2495,0
0.4842,0,3.6315,0,3.6315,0,3.6315,0,3.6315,0,3.6315,0,3.6315,0,7.263,0,7.263,0,7.263,0
0.4851,0,3.63825,0,3.63825,0,3.63825,0,3.63825,0,3.63825,0,3.63825,0,7.2765,0,7.2765,0,7.2765,0
0.486,0,3.645,0,3.645,0,3.645,0,3.645,0,3.645,0,3.645,0,7.29,0,7.29,0,7.29,0
0.4869,0,3.65175,0,3.65175,0,3.65175,0,3.65175,0,3.65175,0,3.65175,0,7.3035,0,7.3035,0,7.3035,0
0.4878,0,3.6585,0,3.6585,0,3.6585,0,3.6585,0,3.6585,0,3.6585,0,7.317,0,7.317,0,7.317,0
0.4887,0,3.66525,0,3.66525,0,3.66525,0,3.66525,0,3.66525,0,3.66525,0,7.3305,0,7.3305,0,7.3305,0
0.4896,0,3.672,0,3.672,0,3.672,0,3.672,0,3.672,0,3.672,0,7.344,0,7.344,0,7.344,0
0.4905,0,3.67875,0,3.67875,0,3.67875,0,3.67875,0,3.67875,0,3.67875,0,7.3575,0,7.3575,0,7.3575,0
0.4914,0,3.6855,0,3.6855,0,3.6855,0,3.6855,0,3.6855,0,3.6855,0,7.371,0,7.371,0,7.371,0
0.4923,0,3.69225,0,3.69225,0,3.69225,0,3.69225,0,3.69225,0,3.69225,0,7.3845,0,7.3845,0,7.3845,0
0.4932,0,3.699,0,3.699,0,3.699,0,3.699,0,3.699,0,3.699,0,7.398,0,7.398,0,7.398,0
0.4941,0,3.70575,0,3.70575,0,3.70575,0,3.70575,0,3.70575,0,3.70575,0,7.4115,0,7.4115,0,7.4115,0
0.495,0,3.7125,0,3.7125,0,3.7125,0,3.7125,0,3.7125,0,3.7125,0,7.425,0,7.425,0,7.425,0
0.4959,0,3.71925,0,3.71925,0,3.71925,0,3.71925,0,3.71925,0,3.71925,0,7.4385,0,7.4385,0,7.4385,0
0.4968,0,3.726,0,3.726,0,3.726,0,3.726,0,3.726,0,3.726,0,7.452,0,7.452,0,7.452,0
0.4977,0,3.73275,0,3.73275,0,3.73275,0,3.73275,0,3.73275,0,3.73275,0,7.4655,0,7.4655,0,7.4655,0
0.4986,0,3.7395,0,3.7395,0,3.7395,0,3.7395,0,3.7395,0,3.7395,0,7.479,0,7.479,0,7.479,0
